{
    "destination": [
      42.9822866, 
      -78.82074717112539
    ], 
    "directions": [
      [
        42.3496438, 
        -72.5281623
      ], 
      [
        42.3497246, 
        -72.5279153
      ], 
      [
        42.349854, 
        -72.527639
      ], 
      [
        42.35076, 
        -72.527387
      ], 
      [
        42.351556, 
        -72.527381
      ], 
      [
        42.351601, 
        -72.525857
      ], 
      [
        42.351708, 
        -72.525012
      ], 
      [
        42.351839, 
        -72.524353
      ], 
      [
        42.354221, 
        -72.522022
      ], 
      [
        42.355679, 
        -72.520872
      ], 
      [
        42.3572224, 
        -72.5209306
      ], 
      [
        42.3574592, 
        -72.5209175
      ], 
      [
        42.357487, 
        -72.520916
      ], 
      [
        42.3577565, 
        -72.520902
      ], 
      [
        42.3581509, 
        -72.5208795
      ], 
      [
        42.3594659, 
        -72.5208137
      ], 
      [
        42.3597326, 
        -72.5208019
      ], 
      [
        42.360697, 
        -72.520781
      ], 
      [
        42.4215203, 
        -72.537755
      ], 
      [
        42.4207549, 
        -72.5376214
      ], 
      [
        42.418596, 
        -72.542796
      ]
    ], 
    "distance": 99, 
    "elevation": 99, 
    "source": [
      42.349728098441794, 
      -72.52819066715382
    ]
  }